{
  "products": [
    {
      "id": "01",
      "name": "The Produto 1",
      "price": "10.00",
      "quantity": "5"
    },
    {
      "id": "02",
      "name": "A Peça 2",
      "price": "15.00",
      "quantity": "10"
    },
    {
      "id": "03",
      "name": "Os Equipamentos 3",
      "price": "20.00",
      "quantity": "3"
    },
    {
      "id": "04",
      "name": "AAA Novo Produto 4",
      "price": "20.00",
      "quantity": "4"
    },
    {
      "id": "05",
      "name": "Produzido em... sss115",
      "price": "20.00",
      "quantity": "5"
    },
    {
      "id": "06",
      "name": "Sem numero de novo ",
      "price": "20.00",
      "quantity": "6"
    },
    {
      "id": "07",
      "name": "Produto 1",
      "price": "10.00",
      "quantity": "5"
    },
    {
      "id": "08",
      "name": "Peça 2",
      "price": "15.00",
      "quantity": "10"
    },
    {
      "id": "09",
      "name": "Equipamento 3",
      "price": "20.00",
      "quantity": "3"
    },
    {
      "id": "10",
      "name": "Novo Produto 4",
      "price": "20.00",
      "quantity": "4"
    },
    {
      "id": "11",
      "name": "Produzido em... 5",
      "price": "20.00",
      "quantity": "5"
    },
    {
      "id": "12",
      "name": "Sem numero",
      "price": "20.00",
      "quantity": "6"
    },
    {
      "id": "13",
      "name": "Sem numero",
      "price": "30.00",
      "quantity": "1"
    },
    {
      "id": "14",
      "name": "Sem numero",
      "price": "20.00",
      "quantity": "6"
    },
    {
      "id": "15",
      "name": "Sem numero",
      "price": "20.00",
      "quantity": "6"
    },
    {
      "id": "16",
      "name": "Sem numero",
      "price": "20.00",
      "quantity": "6"
    },
    {
      "id": "17",
      "name": "Sem numero",
      "price": "20.00",
      "quantity": "6"
    },
    {
      "id": "18",
      "name": "Sem numero",
      "price": "20.00",
      "quantity": "6"
    },
    {
      "id": "19",
      "name": "Sem numero",
      "price": "20.00",
      "quantity": "6"
    },
    {
      "id": "20",
      "name": "Sem numero",
      "price": "20.00",
      "quantity": "6"
    },
    {
      "id": "21",
      "name": "Sem numero",
      "price": "20.00",
      "quantity": "6"
    }
  ]
}
